class,sample_count,left_elbow_angle,right_elbow_angle,left_shoulder_angle,right_shoulder_angle,left_hip_angle,right_hip_angle,left_knee_angle,right_knee_angle,shoulder_width,hip_width,knee_distance,ankle_distance,knee_angle_difference,hip_angle_difference,elbow_angle_difference,shoulder_angle_difference
Ardhamandalam Augmented,91,143.73508233270707,149.90267708393526,106.93836802515608,103.95981548936913,69.67683509194605,68.07888646688788,61.83357462870754,57.0618464001901,0.201757118655728,0.1253782965208775,0.42551518130173693,0.32322221640705806,7.98011098844539,8.99899845634256,15.794447315500182,20.883861687543714
Bramha Augmented,102,105.46625705227646,107.38674276432363,78.39829886184278,81.53825420925627,138.02810361369444,126.1776966881612,123.70140189410856,106.2336901724498,0.3835932681673364,0.260414589908345,0.405668706978581,0.47967099332971425,23.556544420678076,20.806791504096655,13.780097335473695,10.799069750290704
Garuda Augmented,93,153.09753019684615,157.0479869794966,115.52332036149102,113.42474165985031,86.39715058028665,88.46239199769037,76.18869554834649,78.0235001512786,0.17705345489995555,0.10572608161534433,0.30727323276256824,0.32977267083343625,24.427226156423746,26.27880575186112,12.903323246388371,20.25611330753823
Muzhumandi Augmented,252,127.41352716749955,138.4855833077658,89.20951629040512,92.09188474951489,89.50354777592808,87.49375342611657,58.26534306181988,48.666866663332996,0.24348834016271162,0.15366716809322817,0.4707244483775223,0.1916961671964266,14.520545674463612,10.15210424067177,20.641177120498796,11.54028796833482
Nagabandham Augmented,245,110.47519197051815,114.26592142421167,69.72081822234408,73.3078856979048,98.78519823651249,96.64783466753218,81.04080311535137,68.27604179894367,0.22144115500866157,0.1357788730737925,0.32654433499076413,0.3079314001288824,30.278492426765073,15.134713814219463,16.937320452171715,22.275536976163366
Nataraj Augmented,426,140.46171637780125,145.89621032352548,71.80862939755606,73.11640205625082,112.27821928529579,110.86193724542481,116.39518119532049,109.93246708720926,0.3288096211168418,0.24163999272165962,0.45087685142038625,0.6057321376231701,28.97190404968116,40.2644323637515,18.894016862195574,19.698449532925718
Prenkhana Augmented,102,144.9347666421136,149.339704884486,103.89669459883181,107.12145839224588,90.73334059938499,83.73081595065285,115.10473058541392,102.08913810343901,0.20848258735305078,0.12771177921024443,0.41841067780299124,0.5616439044230545,62.712634645559675,29.15016435718201,12.525779787513128,18.780952312055206
Samapadam Augmented,236,110.16498973420734,113.20848023115953,81.06808642591753,83.9621232899056,98.91928408091624,91.58426772340333,96.08958907885976,87.26176945140845,0.2518172731444957,0.14527752838721394,0.226232330967473,0.22026860104981147,17.881298956324084,15.579217862126237,24.269233721824413,14.753018143064647
Swastika Augmented,102,112.47927853391734,114.17483298094768,103.30529395036864,100.88328984969179,145.76957692603742,135.88487483410188,145.9088456696444,141.57832148462458,0.27233308136828027,0.13920686635494645,0.3460592068342776,0.4204268164643268,21.520038495997923,21.923302762673227,26.508826466489516,38.59560787472439
