feature,lower_5th_percentile,upper_95th_percentile
knee_angle_deviation,6.345450844678643,72.0365721075686
hip_angle_deviation,5.639956401446037,69.29328243182961
knee_asymmetry,1.269356575635438,90.39383779021485
hip_asymmetry,1.328502538135758,73.01326555619919
shoulder_asymmetry,1.5081753544994694,82.53619349278144
elbow_asymmetry,0.9136844112336661,49.57810815512252
overall_asymmetry,6.8370140903466945,50.09923495962521
shoulder_alignment,1.652624394998921,79.4188458979536
hip_alignment,1.1266443846205296,78.1302438201462
knee_alignment,1.5377191958578182,84.70041947277167
trunk_inclination,1.117106583958555,76.41840040298932
knee_ankle_alignment,5.5928734959278525,76.04255690834295
shoulder_hip_offset,0.10487900995965874,0.47311744722419785
overall_posture_deviation,6.434184044451624,23.528855557573955
angle_deviation_index,11.40637949187071,49.52733339137285
distance_deviation_index,0.02725987492072234,0.25907512426181445
symmetry_deviation_index,5.26836579622568,29.468261418774542
